{
  "link0": [
    -0.025472847744822502,
    -0.281106561422348,
    0.5201823711395264
  ],
  "link1": [
    0.011413797520591677,
    -0.22260656207799911,
    0.5176281403927576
  ],
  "link2": [
    -0.009164040287798913,
    -0.1421065554022789,
    0.48392993693064185
  ],
  "link3_prime": [
    -0.009014175986772142,
    -0.04567829892039299,
    0.5108832832905008
  ],
  "link4_prime": [
    -0.0357309654151249,
    0.10996220633387566,
    0.5192141806242297
  ],
  "link3": [
    -0.007777823184023617,
    0.1674211323261261,
    0.5649341824848647
  ],
  "link4": [
    -0.033296848387632194,
    0.31947357952594757,
    0.6082758166731328
  ],
  "link5": [
    -0.011672918377895298,
    0.43186482787132263,
    0.6609491993575292
  ],
  "link6": [
    -0.00705155948791802,
    0.5104759186506271,
    0.7220019489696451
  ],
  "link7": [
    0.015605955989434948,
    0.5529637932777405,
    0.6951481671756125
  ],
  "ee": [
    0.023878081799196975,
    0.6921956241130829,
    0.754131550740806
  ]
}