{
  "link0": [
    0.036059999999999995,
    -0.19660999999999998,
    0.5128699999999999
  ],
  "link1": [
    0.044590000000000005,
    -0.19194999999999998,
    0.5157499999999999
  ],
  "link2": [
    0.04453,
    -0.08276999999999998,
    0.51524
  ],
  "link3_prime": [
    0.041650000000000006,
    -0.07694,
    0.50915
  ],
  "link4_prime": [
    0.04338,
    -0.06785999999999999,
    0.44277
  ],
  "link3": [
    0.04175,
    0.15185186966767386,
    0.5303028634674334
  ],
  "link4": [
    0.04348,
    0.1435242342057716,
    0.5303387468015558
  ],
  "link5": [
    0.02598000000000001,
    0.16397808382751258,
    0.5358344301668166
  ],
  "link6": [
    0.02598000000000001,
    0.16674972242504646,
    0.536982480463912
  ],
  "link7": [
    -0.06408,
    0.16318596114609488,
    0.5554115147724872
  ],
  "ee": [
    -0.010269999999999994,
    0.6070787892504219,
    0.7305863350451005
  ]
}