{
  "link0": [
    0.0054929219186306,
    -0.281106561422348,
    0.5203062295913696
  ],
  "link1": [
    -0.02504997607320547,
    -0.22310656309127808,
    0.5269831120967865
  ],
  "link2": [
    0.006091151852160692,
    -0.13532193005084991,
    0.49968239665031433
  ],
  "link3_prime": [
    -0.004636920755729079,
    -0.04310654476284981,
    0.5051147639751434
  ],
  "link4_prime": [
    -0.04547041654586792,
    0.09637199342250824,
    0.5115090012550354
  ],
  "link3": [
    0.03300056792795658,
    0.1806034967303276,
    0.5282998383045197
  ],
  "link4": [
    -0.04661798104643822,
    0.30378641188144684,
    0.6201255023479462
  ],
  "link5": [
    -0.0029894092585891485,
    0.4304504841566086,
    0.6459453403949738
  ],
  "link6": [
    -0.006545125972479582,
    0.536174863576889,
    0.7417353391647339
  ],
  "link7": [
    0.010232021100819111,
    0.5522288084030151,
    0.6890456080436707
  ],
  "ee": [
    0.05687220022082329,
    0.6882283091545105,
    0.782838761806488
  ]
}