{
  "joint1": [
    0.0,
    0.0,
    0.019000000000000017
  ],
  "joint2": [
    -9.999999999871223e-07,
    0.12099960000000004,
    3.9999999990047996e-07
  ],
  "joint3_prime": [
    6.999999999854345e-07,
    0.10150039999999999,
    -0.0005005999999998512
  ],
  "joint4_prime": [
    0.028502,
    0.139312,
    0.0
  ],
  "joint3": [
    -0.028399499999999994,
    0.082686931322,
    0.03425021028519992
  ],
  "joint4": [
    0.028502,
    0.12870757056000004,
    0.053312334096
  ],
  "joint5": [
    0.008810400000000006,
    0.11779443868739992,
    0.04879219073939989
  ],
  "joint6": [
    -0.03721000000000001,
    0.04342236000000005,
    0.017986101000000088
  ],
  "joint7": [
    -0.031499999999999986,
    0.07610806673999998,
    0.03184965954899999
  ],
  "joint_ee": [
    0.03149919999999999,
    0.054047097525300014,
    0.022387978333500036
  ],
  "base_to_link0": [
    -0.01047230000000001,
    -0.2631065,
    0.5011822
  ]
}