{
  "link0": [
    -0.01048589557969164,
    -0.281106561422348,
    0.5201823881169534
  ],
  "link1": [
    0.005119460312864768,
    -0.22260656207799911,
    0.5162853068775601
  ],
  "link2": [
    -0.007100665217771523,
    -0.1421065554022789,
    0.4874004426202333
  ],
  "link3_prime": [
    -0.010467989943220464,
    -0.04567829892039299,
    0.518934867191509
  ],
  "link4_prime": [
    -0.03209398554055794,
    0.10996220633387566,
    0.5314248667195621
  ],
  "link3": [
    -0.009642646466494808,
    0.1674211323261261,
    0.5628727155769835
  ],
  "link4": [
    -0.029316822352189673,
    0.31947357952594757,
    0.6002860950858225
  ],
  "link5": [
    -0.01010008611665336,
    0.43186482787132263,
    0.6567402102764236
  ],
  "link6": [
    -0.010023286959797015,
    0.5104759186506271,
    0.6577190851545058
  ],
  "link7": [
    0.0017664961834369893,
    0.5529637932777405,
    0.7038015617839862
  ],
  "ee": [
    -0.009184607756462428,
    0.6921956241130829,
    0.7457070859647034
  ]
}