{
  "link0": [
    -0.025472847744822502,
    -0.281106561422348,
    0.5201823711395264
  ],
  "link1": [
    -0.0049473082181066275,
    -0.22260656207799911,
    0.5190786570310593
  ],
  "link2": [
    -0.010472847148776054,
    -0.1421065554022789,
    0.4860966056585312
  ],
  "link3_prime": [
    -0.010229837847873569,
    -0.04567829892039299,
    0.5186119675636292
  ],
  "link4_prime": [
    0.022679587826132774,
    0.10996220633387566,
    0.5192746520042419
  ],
  "link3": [
    -0.00872977776452899,
    0.1674211323261261,
    0.5627391934394836
  ],
  "link4": [
    0.023432021960616112,
    0.31947357952594757,
    0.6058164238929749
  ],
  "link5": [
    -0.010221334639936686,
    0.43186482787132263,
    0.6519061625003815
  ],
  "link6": [
    -0.010871169622987509,
    0.5108422785997391,
    0.6831952631473541
  ],
  "link7": [
    0.017282020766288042,
    0.5529637932777405,
    0.7000904828310013
  ],
  "ee": [
    -0.03773726709187031,
    0.6921956241130829,
    0.7747896760702133
  ]
}