{
  "link0": [
    -0.025472847744822502,
    -0.281106561422348,
    0.5201823711395264
  ],
  "link1": [
    -0.007780314519007612,
    -0.22260656207799911,
    0.5155829452769569
  ],
  "link2": [
    -0.01138,
    -0.1421065554022789,
    0.48433
  ],
  "link3_prime": [
    -0.010485303223774,
    -0.04567829892039299,
    0.5199747372248953
  ],
  "link4_prime": [
    0.0261295884847641,
    0.10996220633387566,
    0.5187687277793884
  ],
  "link3": [
    -0.01033,
    0.1674211323261261,
    0.58418
  ],
  "link4": [
    -0.008440928402628013,
    0.31947357952594757,
    0.6060208882070948
  ],
  "link5": [
    -0.008323558014606384,
    0.43186482787132263,
    0.6480740700885593
  ],
  "link6": [
    -0.010233081666599607,
    0.5108422785997391,
    0.6819722724570518
  ],
  "link7": [
    0.010710449364150967,
    0.5529637932777405,
    0.7019420533764624
  ],
  "ee": [
    -0.010266606694010166,
    0.6921956241130829,
    0.7769190791092921
  ]
}