{
  "link0": [
    0.03605301746260739,
    -0.19660697120707918,
    0.512872
  ],
  "link1": [
    0.0445910159397427,
    -0.19194696841690462,
    0.515756
  ],
  "link2": [
    0.04453098026289028,
    -0.08277496843651813,
    0.515237
  ],
  "link3_prime": [
    0.04164697835702259,
    -0.07694296937899493,
    0.509152
  ],
  "link4_prime": [
    0.04337797539070522,
    -0.06786596881331346,
    0.442774
  ],
  "link3": [
    0.04174999655229775,
    0.15185206458770295,
    0.5302980972386448
  ],
  "link4": [
    0.043480999272216825,
    0.1435290490922336,
    0.5303358946699088
  ],
  "link5": [
    0.02598099258800393,
    0.1639828934440531,
    0.5358315763641163
  ],
  "link6": [
    0.02598099168224656,
    0.16675453213538105,
    0.5369796264347722
  ],
  "link7": [
    -0.0640810071535053,
    0.16319189098032696,
    0.5554058893958109
  ],
  "ee": [
    -0.010266996288034264,
    0.6070812989951184,
    0.7305837418853562
  ]
}