{
  "link_origins": {
    "link0": [
      -0.010472849011421204,
      -0.281106561422348,
      0.5201823860406876
    ],
    "link1": [
      -0.010472847148776054,
      -0.22260656207799911,
      0.5189328491687775
    ],
    "link2": [
      -0.010472847148776054,
      -0.1421065554022789,
      0.5196824073791504
    ],
    "link3_prime": [
      -0.010474709793925285,
      -0.04567829892039299,
      0.5196824073791504
    ],
    "link4_prime": [
      -0.009620415046811104,
      0.10996220633387566,
      0.5326078236103058
    ],
    "link3": [
      -0.010372277349233627,
      0.1674211323261261,
      0.580520749092102
    ],
    "link4": [
      -0.011767979711294174,
      0.31947357952594757,
      0.6326183676719666
    ],
    "link5": [
      -0.010267979465425014,
      0.43186482787132263,
      0.6866361498832703
    ],
    "link6": [
      -0.021731450222432613,
      0.5108422785997391,
      0.7058730125427246
    ],
    "link7": [
      -0.010267980396747589,
      0.5529637932777405,
      0.7732367515563965
    ],
    "ee": [
      -0.010267980396747589,
      0.6921956241130829,
      0.7577671706676483
    ]
  },
  "joint_deltas": {
    "link1": [
      1.862645149230957e-09,
      0.05849999934434891,
      -0.0012495368719100952
    ],
    "link2": [
      0.0,
      0.08050000667572021,
      0.0007495582103729248
    ],
    "link3_prime": [
      -1.862645149230957e-06,
      0.09642825648188591,
      0.0
    ],
    "link4_prime": [
      0.0008542947471141815,
      0.15564050525426865,
      0.012925416231155396
    ],
    "link3": [
      -0.0007518623024225235,
      0.05745892599225044,
      0.047912925481796265
    ],
    "link4": [
      -0.0013957023620605469,
      0.15205244719982147,
      0.0520976185798645
    ],
    "link5": [
      0.0015000002458691597,
      0.11239124834537506,
      0.05401778221130371
    ],
    "link6": [
      -0.011463470757007599,
      0.07897745072841644,
      0.019236862659454346
    ],
    "link7": [
      0.011463469825685024,
      0.042121514678001404,
      0.06736373901367188
    ],
    "ee": [
      0.0,
      0.1392318308353424,
      -0.015469580888748169
    ]
  },
  "centroids": {
    "link0": [
      -0.010472849011421204,
      -0.24910656362771988,
      0.5201823860406876
    ],
    "link1": [
      -0.010472847148776054,
      -0.1551065519452095,
      0.5189328491687775
    ],
    "link2": [
      -0.010472847148776054,
      -0.12080655619502068,
      0.5196824073791504
    ],
    "link3_prime": [
      -0.010474709793925285,
      0.05042748898267746,
      0.5196824073791504
    ],
    "link4_prime": [
      -0.009620415046811104,
      0.12351443991065025,
      0.5326078236103058
    ],
    "link3": [
      -0.010372277349233627,
      0.25769027322530746,
      0.580520749092102
    ],
    "link4": [
      -0.011767979711294174,
      0.3616657108068466,
      0.6326183676719666
    ],
    "link5": [
      -0.010267979465425014,
      0.4978272169828415,
      0.6866361498832703
    ],
    "link6": [
      -0.021731450222432613,
      0.5104759186506271,
      0.7058730125427246
    ],
    "link7": [
      -0.010267980396747589,
      0.6383556425571442,
      0.7732367515563965
    ],
    "ee": [
      -0.010267980396747589,
      0.6921956241130829,
      0.7577671706676483
    ]
  }
}