{
  "link0": [
    -0.01047230000000001,
    -0.2631065,
    0.5201822
  ],
  "link1": [
    -0.010473299999999998,
    -0.14210689999999998,
    0.5396826
  ],
  "link2": [
    -0.010472600000000012,
    -0.14210655794,
    0.519682477755
  ],
  "link3_prime": [
    -0.010472600000000012,
    -0.0406065,
    0.5196820000000001
  ],
  "link4_prime": [
    0.018029399999999987,
    0.0987055,
    0.5196820000000001
  ],
  "link3": [
    -0.010370100000000007,
    0.181392431322,
    0.5539322102852
  ],
  "link4": [
    0.018131899999999992,
    0.31010000188200004,
    0.6072445443812
  ],
  "link5": [
    -0.010267700000000005,
    0.37846686056939993,
    0.6355631946206
  ],
  "link6": [
    -0.010267700000000005,
    0.4824146075694,
    0.6472303161205999
  ],
  "link7": [
    -0.04176769999999999,
    0.5474248673094,
    0.7058724956696
  ],
  "ee": [
    -0.0102685,
    0.6014719648347,
    0.7282604740031
  ]
}